<annotation>
    <folder>Data Set Prueba</folder>
    <filename>A_199.xml</filename>
    <path>A_199.xml</path>
    <source>
        <database>Lenguaje de Senas Mexicano </database>
    </source>
    <size>
        <width>320</width>
        <height>320</height>
        <depth>3</depth>
    </size>
    <segmented>0</segmented>
    <object>
        <name>A</name>
        <pose>Unspecified</pose>
        <truncated>0</truncated>
        <difficult>0</difficult>
        <bndbox>
            <xmin>1</xmin>
            <ymin>1</ymin>
            <xmax>320</xmax>
            <ymax>320</ymax>
        </bndbox>
    </object>
</annotation>
